"POS","NEG","POS/NEG","BEST_FIT"
"17.2265151579293","26.8423564950873","0.641766126646967","negative"
"8.78232285939751","0.445453222112551","19.7154772340574","positive"
"1.03127774142571","0.445453222112551","2.31512017476245","positive"
"1.03127774142571","9.47547003995745","0.108836578774127","negative"
"1.03127774142571","0.445453222112551","2.31512017476245","positive"
"1.03127774142571","0.445453222112551","2.31512017476245","positive"
"1.03127774142571","0.445453222112551","2.31512017476245","positive"
"1.03127774142571","0.445453222112551","2.31512017476245","positive"
"1.03127774142571","0.445453222112551","2.31512017476245","positive"
"1.03127774142571","8.78232285939751","0.117426534862834","negative"
"1.03127774142571","0.445453222112551","2.31512017476245","positive"
"8.78232285939751","9.47547003995745","0.926848253686942","negative"
"1.03127774142571","0.445453222112551","2.31512017476245","positive"
"9.47547003995745","0.445453222112551","21.2715265477714","positive"
"1.03127774142571","0.445453222112551","2.31512017476245","positive"
"8.78232285939751","8.78232285939751","1","neutral"
"17.2265151579293","0.445453222112551","38.6718836070664","positive"
"1.03127774142571","0.445453222112551","2.31512017476245","positive"
"9.47547003995745","18.5054868578024","0.512035706640291","negative"
"1.03127774142571","0.445453222112551","2.31512017476245","positive"
"1.03127774142571","0.445453222112551","2.31512017476245","positive"
"1.03127774142571","0.445453222112551","2.31512017476245","positive"
"1.03127774142571","18.5054868578024","0.0557282145209216","negative"
"9.47547003995745","9.47547003995745","1","neutral"
"9.47547003995745","8.78232285939751","1.07892526745566","neutral"
"1.03127774142571","0.445453222112551","2.31512017476245","positive"
"8.78232285939751","0.445453222112551","19.7154772340574","positive"
"1.03127774142571","0.445453222112551","2.31512017476245","positive"
"1.03127774142571","0.445453222112551","2.31512017476245","positive"
"1.03127774142571","0.445453222112551","2.31512017476245","positive"
"8.78232285939751","0.445453222112551","19.7154772340574","positive"
"1.03127774142571","17.8123396772424","0.0578968153601572","negative"
"1.03127774142571","17.8123396772424","0.0578968153601572","negative"
"9.47547003995745","0.445453222112551","21.2715265477714","positive"
"1.03127774142571","9.47547003995745","0.108836578774127","negative"
"1.03127774142571","9.47547003995745","0.108836578774127","negative"
"1.03127774142571","0.445453222112551","2.31512017476245","positive"
"1.03127774142571","0.445453222112551","2.31512017476245","positive"
"1.03127774142571","8.78232285939751","0.117426534862834","negative"
"1.03127774142571","0.445453222112551","2.31512017476245","positive"
"1.03127774142571","9.47547003995745","0.108836578774127","negative"
"9.47547003995745","8.78232285939751","1.07892526745566","neutral"
"1.03127774142571","0.445453222112551","2.31512017476245","positive"
"1.03127774142571","0.445453222112551","2.31512017476245","positive"
"1.03127774142571","9.47547003995745","0.108836578774127","negative"
"1.03127774142571","9.47547003995745","0.108836578774127","negative"
"1.03127774142571","0.445453222112551","2.31512017476245","positive"
"1.03127774142571","0.445453222112551","2.31512017476245","positive"
"1.03127774142571","0.445453222112551","2.31512017476245","positive"
"1.03127774142571","0.445453222112551","2.31512017476245","positive"
"16.5333679773693","0.445453222112551","37.1158342933523","positive"
"1.03127774142571","8.78232285939751","0.117426534862834","negative"
"1.03127774142571","0.445453222112551","2.31512017476245","positive"
"1.03127774142571","0.445453222112551","2.31512017476245","positive"
"1.03127774142571","0.445453222112551","2.31512017476245","positive"
"8.78232285939751","8.78232285939751","1","neutral"
"1.03127774142571","0.445453222112551","2.31512017476245","positive"
"1.03127774142571","0.445453222112551","2.31512017476245","positive"
"1.03127774142571","0.445453222112551","2.31512017476245","positive"
"1.03127774142571","0.445453222112551","2.31512017476245","positive"
"9.47547003995745","9.47547003995745","1","neutral"
"1.03127774142571","0.445453222112551","2.31512017476245","positive"
"9.47547003995745","0.445453222112551","21.2715265477714","positive"
"8.78232285939751","0.445453222112551","19.7154772340574","positive"
"1.03127774142571","0.445453222112551","2.31512017476245","positive"
"1.03127774142571","9.47547003995745","0.108836578774127","negative"
"1.03127774142571","0.445453222112551","2.31512017476245","positive"
"9.47547003995745","8.78232285939751","1.07892526745566","neutral"
"1.03127774142571","0.445453222112551","2.31512017476245","positive"
"25.670707456461","8.78232285939751","2.92299746518566","positive"
"9.47547003995745","9.47547003995745","1","neutral"
"1.03127774142571","0.445453222112551","2.31512017476245","positive"
"1.03127774142571","0.445453222112551","2.31512017476245","positive"
"1.03127774142571","0.445453222112551","2.31512017476245","positive"
"1.03127774142571","0.445453222112551","2.31512017476245","positive"
"1.03127774142571","0.445453222112551","2.31512017476245","positive"
"1.03127774142571","0.445453222112551","2.31512017476245","positive"
"9.47547003995745","9.47547003995745","1","neutral"
"1.03127774142571","0.445453222112551","2.31512017476245","positive"
"9.47547003995745","0.445453222112551","21.2715265477714","positive"
"1.03127774142571","9.47547003995745","0.108836578774127","negative"
"1.03127774142571","0.445453222112551","2.31512017476245","positive"
"1.03127774142571","9.47547003995745","0.108836578774127","negative"
"1.03127774142571","9.47547003995745","0.108836578774127","negative"
"8.78232285939751","9.47547003995745","0.926848253686942","negative"
"1.03127774142571","0.445453222112551","2.31512017476245","positive"
"8.78232285939751","0.445453222112551","19.7154772340574","positive"
"1.03127774142571","0.445453222112551","2.31512017476245","positive"
"1.03127774142571","0.445453222112551","2.31512017476245","positive"
"9.47547003995745","0.445453222112551","21.2715265477714","positive"
"1.03127774142571","0.445453222112551","2.31512017476245","positive"
"8.78232285939751","0.445453222112551","19.7154772340574","positive"
"1.03127774142571","8.78232285939751","0.117426534862834","negative"
"1.03127774142571","0.445453222112551","2.31512017476245","positive"
"1.03127774142571","0.445453222112551","2.31512017476245","positive"
"1.03127774142571","0.445453222112551","2.31512017476245","positive"
"1.03127774142571","0.445453222112551","2.31512017476245","positive"
"8.78232285939751","0.445453222112551","19.7154772340574","positive"
"1.03127774142571","0.445453222112551","2.31512017476245","positive"
"1.03127774142571","0.445453222112551","2.31512017476245","positive"
"9.47547003995745","9.47547003995745","1","neutral"
"1.03127774142571","0.445453222112551","2.31512017476245","positive"
"1.03127774142571","8.78232285939751","0.117426534862834","negative"
"16.5333679773693","8.78232285939751","1.88257346513717","neutral"
"1.03127774142571","0.445453222112551","2.31512017476245","positive"
"1.03127774142571","0.445453222112551","2.31512017476245","positive"
"1.03127774142571","0.445453222112551","2.31512017476245","positive"
"1.03127774142571","0.445453222112551","2.31512017476245","positive"
"1.03127774142571","0.445453222112551","2.31512017476245","positive"
"1.03127774142571","8.78232285939751","0.117426534862834","negative"
"1.03127774142571","0.445453222112551","2.31512017476245","positive"
"8.78232285939751","0.445453222112551","19.7154772340574","positive"
"1.03127774142571","0.445453222112551","2.31512017476245","positive"
"1.03127774142571","0.445453222112551","2.31512017476245","positive"
"1.03127774142571","0.445453222112551","2.31512017476245","positive"
"1.03127774142571","0.445453222112551","2.31512017476245","positive"
"1.03127774142571","0.445453222112551","2.31512017476245","positive"
"1.03127774142571","0.445453222112551","2.31512017476245","positive"
"1.03127774142571","0.445453222112551","2.31512017476245","positive"
"1.03127774142571","0.445453222112551","2.31512017476245","positive"
"1.03127774142571","8.78232285939751","0.117426534862834","negative"
"16.5333679773693","0.445453222112551","37.1158342933523","positive"
"8.78232285939751","0.445453222112551","19.7154772340574","positive"
"1.03127774142571","0.445453222112551","2.31512017476245","positive"
"9.47547003995745","9.47547003995745","1","neutral"
"1.03127774142571","8.78232285939751","0.117426534862834","negative"
"1.03127774142571","0.445453222112551","2.31512017476245","positive"
"1.03127774142571","0.445453222112551","2.31512017476245","positive"
"8.78232285939751","0.445453222112551","19.7154772340574","positive"
"1.03127774142571","0.445453222112551","2.31512017476245","positive"
"1.03127774142571","0.445453222112551","2.31512017476245","positive"
"1.03127774142571","0.445453222112551","2.31512017476245","positive"
"1.03127774142571","0.445453222112551","2.31512017476245","positive"
"1.03127774142571","0.445453222112551","2.31512017476245","positive"
"1.03127774142571","9.47547003995745","0.108836578774127","negative"
"1.03127774142571","9.47547003995745","0.108836578774127","negative"
"8.78232285939751","9.47547003995745","0.926848253686942","negative"
"1.03127774142571","8.78232285939751","0.117426534862834","negative"
"1.03127774142571","0.445453222112551","2.31512017476245","positive"
"1.03127774142571","9.47547003995745","0.108836578774127","negative"
"1.03127774142571","0.445453222112551","2.31512017476245","positive"
"1.03127774142571","0.445453222112551","2.31512017476245","positive"
"1.03127774142571","0.445453222112551","2.31512017476245","positive"
"1.03127774142571","9.47547003995745","0.108836578774127","negative"
"9.47547003995745","0.445453222112551","21.2715265477714","positive"
"1.03127774142571","0.445453222112551","2.31512017476245","positive"
"1.03127774142571","0.445453222112551","2.31512017476245","positive"
"1.03127774142571","0.445453222112551","2.31512017476245","positive"
"1.03127774142571","0.445453222112551","2.31512017476245","positive"
"1.03127774142571","0.445453222112551","2.31512017476245","positive"
"1.03127774142571","0.445453222112551","2.31512017476245","positive"
"9.47547003995745","0.445453222112551","21.2715265477714","positive"
"9.47547003995745","0.445453222112551","21.2715265477714","positive"
"1.03127774142571","0.445453222112551","2.31512017476245","positive"
"16.5333679773693","8.78232285939751","1.88257346513717","neutral"
"1.03127774142571","0.445453222112551","2.31512017476245","positive"
"1.03127774142571","9.47547003995745","0.108836578774127","negative"
"1.03127774142571","0.445453222112551","2.31512017476245","positive"
"1.03127774142571","8.78232285939751","0.117426534862834","negative"
"1.03127774142571","9.47547003995745","0.108836578774127","negative"
"1.03127774142571","9.47547003995745","0.108836578774127","negative"
"9.47547003995745","9.47547003995745","1","neutral"
"1.03127774142571","0.445453222112551","2.31512017476245","positive"
"9.47547003995745","0.445453222112551","21.2715265477714","positive"
"8.78232285939751","17.8123396772424","0.493047124551418","negative"
"1.03127774142571","0.445453222112551","2.31512017476245","positive"
"8.78232285939751","8.78232285939751","1","neutral"
"24.9775602759011","25.4560621339674","0.981202832726124","negative"
"1.03127774142571","9.47547003995745","0.108836578774127","negative"
"1.03127774142571","9.47547003995745","0.108836578774127","negative"
"9.47547003995745","0.445453222112551","21.2715265477714","positive"
"1.03127774142571","0.445453222112551","2.31512017476245","positive"
"9.47547003995745","0.445453222112551","21.2715265477714","positive"
"1.03127774142571","0.445453222112551","2.31512017476245","positive"
"17.9196623384892","0.445453222112551","40.2279329207804","positive"
"1.03127774142571","9.47547003995745","0.108836578774127","negative"
"1.03127774142571","0.445453222112551","2.31512017476245","positive"
"1.03127774142571","0.445453222112551","2.31512017476245","positive"
"9.47547003995745","0.445453222112551","21.2715265477714","positive"
"1.03127774142571","18.5054868578024","0.0557282145209216","negative"
"1.03127774142571","0.445453222112551","2.31512017476245","positive"
"1.03127774142571","0.445453222112551","2.31512017476245","positive"
"1.03127774142571","0.445453222112551","2.31512017476245","positive"
"9.47547003995745","0.445453222112551","21.2715265477714","positive"
"1.03127774142571","0.445453222112551","2.31512017476245","positive"
"9.47547003995745","17.8123396772424","0.531961000724885","negative"
"1.03127774142571","0.445453222112551","2.31512017476245","positive"
"1.03127774142571","0.445453222112551","2.31512017476245","positive"
"9.47547003995745","8.78232285939751","1.07892526745566","neutral"
"8.78232285939751","17.1191924966825","0.513010345616444","negative"
"1.03127774142571","9.47547003995745","0.108836578774127","negative"
"1.03127774142571","0.445453222112551","2.31512017476245","positive"
"8.78232285939751","0.445453222112551","19.7154772340574","positive"
"1.03127774142571","8.78232285939751","0.117426534862834","negative"
"1.03127774142571","0.445453222112551","2.31512017476245","positive"
"8.78232285939751","0.445453222112551","19.7154772340574","positive"
"1.03127774142571","8.78232285939751","0.117426534862834","negative"
"1.03127774142571","8.78232285939751","0.117426534862834","negative"
"1.03127774142571","8.78232285939751","0.117426534862834","negative"
"1.03127774142571","9.47547003995745","0.108836578774127","negative"
"1.03127774142571","0.445453222112551","2.31512017476245","positive"
"8.78232285939751","0.445453222112551","19.7154772340574","positive"
"1.03127774142571","0.445453222112551","2.31512017476245","positive"
"1.03127774142571","8.78232285939751","0.117426534862834","negative"
"1.03127774142571","9.47547003995745","0.108836578774127","negative"
"1.03127774142571","0.445453222112551","2.31512017476245","positive"
"1.03127774142571","17.8123396772424","0.0578968153601572","negative"
"1.03127774142571","9.47547003995745","0.108836578774127","negative"
"9.47547003995745","0.445453222112551","21.2715265477714","positive"
"1.03127774142571","0.445453222112551","2.31512017476245","positive"
"1.03127774142571","0.445453222112551","2.31512017476245","positive"
"1.03127774142571","0.445453222112551","2.31512017476245","positive"
"1.03127774142571","0.445453222112551","2.31512017476245","positive"
"1.03127774142571","0.445453222112551","2.31512017476245","positive"
"1.03127774142571","0.445453222112551","2.31512017476245","positive"
"1.03127774142571","0.445453222112551","2.31512017476245","positive"
"1.03127774142571","0.445453222112551","2.31512017476245","positive"
"8.78232285939751","0.445453222112551","19.7154772340574","positive"
"8.78232285939751","8.78232285939751","1","neutral"
"1.03127774142571","0.445453222112551","2.31512017476245","positive"
"1.03127774142571","8.78232285939751","0.117426534862834","negative"
"1.03127774142571","0.445453222112551","2.31512017476245","positive"
"1.03127774142571","0.445453222112551","2.31512017476245","positive"
"9.47547003995745","9.47547003995745","1","neutral"
"9.47547003995745","0.445453222112551","21.2715265477714","positive"
"1.03127774142571","18.5054868578024","0.0557282145209216","negative"
"17.2265151579293","0.445453222112551","38.6718836070664","positive"
"1.03127774142571","0.445453222112551","2.31512017476245","positive"
"17.9196623384892","0.445453222112551","40.2279329207804","positive"
"1.03127774142571","0.445453222112551","2.31512017476245","positive"
"1.03127774142571","0.445453222112551","2.31512017476245","positive"
"1.03127774142571","9.47547003995745","0.108836578774127","negative"
"9.47547003995745","0.445453222112551","21.2715265477714","positive"
"1.03127774142571","9.47547003995745","0.108836578774127","negative"
"1.03127774142571","0.445453222112551","2.31512017476245","positive"
"1.03127774142571","0.445453222112551","2.31512017476245","positive"
"1.03127774142571","26.1492093145274","0.0394381997949273","negative"
"1.03127774142571","0.445453222112551","2.31512017476245","positive"
"9.47547003995745","9.47547003995745","1","neutral"
"17.2265151579293","0.445453222112551","38.6718836070664","positive"
"9.47547003995745","9.47547003995745","1","neutral"
"9.47547003995745","0.445453222112551","21.2715265477714","positive"
"1.03127774142571","0.445453222112551","2.31512017476245","positive"
"1.03127774142571","0.445453222112551","2.31512017476245","positive"
"24.9775602759011","0.445453222112551","56.0722406663613","positive"
"1.03127774142571","0.445453222112551","2.31512017476245","positive"
"1.03127774142571","8.78232285939751","0.117426534862834","negative"
"1.03127774142571","0.445453222112551","2.31512017476245","positive"
"34.8080469355527","0.445453222112551","78.1407456667984","positive"
"1.03127774142571","0.445453222112551","2.31512017476245","positive"
"16.5333679773693","0.445453222112551","37.1158342933523","positive"
"9.47547003995745","8.78232285939751","1.07892526745566","neutral"
"17.2265151579293","9.47547003995745","1.81801167491282","neutral"
"9.47547003995745","8.78232285939751","1.07892526745566","neutral"
"1.03127774142571","9.47547003995745","0.108836578774127","negative"
"1.03127774142571","9.47547003995745","0.108836578774127","negative"
"1.03127774142571","8.78232285939751","0.117426534862834","negative"
"1.03127774142571","0.445453222112551","2.31512017476245","positive"
"1.03127774142571","0.445453222112551","2.31512017476245","positive"
"17.9196623384892","17.8123396772424","1.00602518608961","neutral"
"1.03127774142571","0.445453222112551","2.31512017476245","positive"
"1.03127774142571","8.78232285939751","0.117426534862834","negative"
"9.47547003995745","8.78232285939751","1.07892526745566","neutral"
"1.03127774142571","0.445453222112551","2.31512017476245","positive"
"1.03127774142571","0.445453222112551","2.31512017476245","positive"
"9.47547003995745","0.445453222112551","21.2715265477714","positive"
"1.03127774142571","0.445453222112551","2.31512017476245","positive"
"1.03127774142571","0.445453222112551","2.31512017476245","positive"
"1.03127774142571","0.445453222112551","2.31512017476245","positive"
"1.03127774142571","25.4560621339674","0.040512068834465","negative"
"1.03127774142571","9.47547003995745","0.108836578774127","negative"
"17.2265151579293","8.78232285939751","1.96149873259283","neutral"
"8.78232285939751","8.78232285939751","1","neutral"
"9.47547003995745","0.445453222112551","21.2715265477714","positive"
"1.03127774142571","0.445453222112551","2.31512017476245","positive"
"1.03127774142571","0.445453222112551","2.31512017476245","positive"
"1.03127774142571","8.78232285939751","0.117426534862834","negative"
"1.03127774142571","0.445453222112551","2.31512017476245","positive"
"1.03127774142571","8.78232285939751","0.117426534862834","negative"
"1.03127774142571","0.445453222112551","2.31512017476245","positive"
"8.78232285939751","9.47547003995745","0.926848253686942","negative"
"1.03127774142571","0.445453222112551","2.31512017476245","positive"
"1.03127774142571","0.445453222112551","2.31512017476245","positive"
"1.03127774142571","0.445453222112551","2.31512017476245","positive"
"1.03127774142571","0.445453222112551","2.31512017476245","positive"
"9.47547003995745","9.47547003995745","1","neutral"
"1.03127774142571","0.445453222112551","2.31512017476245","positive"
"1.03127774142571","0.445453222112551","2.31512017476245","positive"
"9.47547003995745","0.445453222112551","21.2715265477714","positive"
"9.47547003995745","17.8123396772424","0.531961000724885","negative"
"1.03127774142571","0.445453222112551","2.31512017476245","positive"
"33.4217525744328","8.78232285939751","3.80557093032283","positive"
"1.03127774142571","0.445453222112551","2.31512017476245","positive"
"1.03127774142571","0.445453222112551","2.31512017476245","positive"
"1.03127774142571","8.78232285939751","0.117426534862834","negative"
"9.47547003995745","0.445453222112551","21.2715265477714","positive"
"8.78232285939751","9.47547003995745","0.926848253686942","negative"
"1.03127774142571","0.445453222112551","2.31512017476245","positive"
"1.03127774142571","17.8123396772424","0.0578968153601572","negative"
"1.03127774142571","0.445453222112551","2.31512017476245","positive"
"1.03127774142571","0.445453222112551","2.31512017476245","positive"
"1.03127774142571","0.445453222112551","2.31512017476245","positive"
"1.03127774142571","0.445453222112551","2.31512017476245","positive"
"1.03127774142571","0.445453222112551","2.31512017476245","positive"
"17.2265151579293","0.445453222112551","38.6718836070664","positive"
"1.03127774142571","0.445453222112551","2.31512017476245","positive"
"1.03127774142571","0.445453222112551","2.31512017476245","positive"
"1.03127774142571","0.445453222112551","2.31512017476245","positive"
"1.03127774142571","8.78232285939751","0.117426534862834","negative"
"1.03127774142571","0.445453222112551","2.31512017476245","positive"
"9.47547003995745","8.78232285939751","1.07892526745566","neutral"
"9.47547003995745","0.445453222112551","21.2715265477714","positive"
"1.03127774142571","0.445453222112551","2.31512017476245","positive"
"1.03127774142571","18.5054868578024","0.0557282145209216","negative"
"1.03127774142571","0.445453222112551","2.31512017476245","positive"
"1.03127774142571","0.445453222112551","2.31512017476245","positive"
"1.03127774142571","0.445453222112551","2.31512017476245","positive"
"1.03127774142571","9.47547003995745","0.108836578774127","negative"
"9.47547003995745","43.5160957696572","0.217746327476476","negative"
"26.3638546370209","17.8123396772424","1.48008937145434","neutral"
"1.03127774142571","0.445453222112551","2.31512017476245","positive"
"1.03127774142571","0.445453222112551","2.31512017476245","positive"
"1.03127774142571","0.445453222112551","2.31512017476245","positive"
"1.03127774142571","0.445453222112551","2.31512017476245","positive"
"1.03127774142571","8.78232285939751","0.117426534862834","negative"
"9.47547003995745","9.47547003995745","1","neutral"
"1.03127774142571","0.445453222112551","2.31512017476245","positive"
"1.03127774142571","0.445453222112551","2.31512017476245","positive"
"1.03127774142571","8.78232285939751","0.117426534862834","negative"
"1.03127774142571","8.78232285939751","0.117426534862834","negative"
"1.03127774142571","0.445453222112551","2.31512017476245","positive"
"17.9196623384892","9.47547003995745","1.89116342122587","neutral"
"1.03127774142571","9.47547003995745","0.108836578774127","negative"
"8.78232285939751","0.445453222112551","19.7154772340574","positive"
"1.03127774142571","0.445453222112551","2.31512017476245","positive"
"9.47547003995745","0.445453222112551","21.2715265477714","positive"
"1.03127774142571","0.445453222112551","2.31512017476245","positive"
"1.03127774142571","9.47547003995745","0.108836578774127","negative"
"1.03127774142571","0.445453222112551","2.31512017476245","positive"
"17.2265151579293","8.78232285939751","1.96149873259283","neutral"
"1.03127774142571","9.47547003995745","0.108836578774127","negative"
"1.03127774142571","0.445453222112551","2.31512017476245","positive"
"1.03127774142571","0.445453222112551","2.31512017476245","positive"
"1.03127774142571","0.445453222112551","2.31512017476245","positive"
"1.03127774142571","0.445453222112551","2.31512017476245","positive"
"8.78232285939751","0.445453222112551","19.7154772340574","positive"
"1.03127774142571","0.445453222112551","2.31512017476245","positive"
"1.03127774142571","0.445453222112551","2.31512017476245","positive"
"9.47547003995745","9.47547003995745","1","neutral"
"1.03127774142571","9.47547003995745","0.108836578774127","negative"
"1.03127774142571","18.5054868578024","0.0557282145209216","negative"
"1.03127774142571","0.445453222112551","2.31512017476245","positive"
"1.03127774142571","0.445453222112551","2.31512017476245","positive"
"1.03127774142571","0.445453222112551","2.31512017476245","positive"
"1.03127774142571","0.445453222112551","2.31512017476245","positive"
"1.03127774142571","0.445453222112551","2.31512017476245","positive"
"1.03127774142571","0.445453222112551","2.31512017476245","positive"
"1.03127774142571","0.445453222112551","2.31512017476245","positive"
"8.78232285939751","0.445453222112551","19.7154772340574","positive"
"1.03127774142571","0.445453222112551","2.31512017476245","positive"
"9.47547003995745","0.445453222112551","21.2715265477714","positive"
"9.47547003995745","17.1191924966825","0.553499824351745","negative"
"17.2265151579293","17.8123396772424","0.967111309916146","negative"
"1.03127774142571","0.445453222112551","2.31512017476245","positive"
"8.78232285939751","0.445453222112551","19.7154772340574","positive"
"1.03127774142571","0.445453222112551","2.31512017476245","positive"
"1.03127774142571","0.445453222112551","2.31512017476245","positive"
"1.03127774142571","0.445453222112551","2.31512017476245","positive"
"1.03127774142571","0.445453222112551","2.31512017476245","positive"
"1.03127774142571","9.47547003995745","0.108836578774127","negative"
"1.03127774142571","0.445453222112551","2.31512017476245","positive"
"1.03127774142571","0.445453222112551","2.31512017476245","positive"
"1.03127774142571","0.445453222112551","2.31512017476245","positive"
"1.03127774142571","0.445453222112551","2.31512017476245","positive"
"1.03127774142571","0.445453222112551","2.31512017476245","positive"
"1.03127774142571","0.445453222112551","2.31512017476245","positive"
"1.03127774142571","0.445453222112551","2.31512017476245","positive"
"1.03127774142571","0.445453222112551","2.31512017476245","positive"
"1.03127774142571","0.445453222112551","2.31512017476245","positive"
"1.03127774142571","9.47547003995745","0.108836578774127","negative"
"1.03127774142571","0.445453222112551","2.31512017476245","positive"
"1.03127774142571","0.445453222112551","2.31512017476245","positive"
"1.03127774142571","0.445453222112551","2.31512017476245","positive"
"1.03127774142571","8.78232285939751","0.117426534862834","negative"
"1.03127774142571","0.445453222112551","2.31512017476245","positive"
"1.03127774142571","0.445453222112551","2.31512017476245","positive"
"1.03127774142571","0.445453222112551","2.31512017476245","positive"
"1.03127774142571","0.445453222112551","2.31512017476245","positive"
"9.47547003995745","8.78232285939751","1.07892526745566","neutral"
"1.03127774142571","8.78232285939751","0.117426534862834","negative"
"1.03127774142571","26.1492093145274","0.0394381997949273","negative"
"1.03127774142571","8.78232285939751","0.117426534862834","negative"
"1.03127774142571","0.445453222112551","2.31512017476245","positive"
"1.03127774142571","0.445453222112551","2.31512017476245","positive"
"1.03127774142571","0.445453222112551","2.31512017476245","positive"
"1.03127774142571","0.445453222112551","2.31512017476245","positive"
"1.03127774142571","0.445453222112551","2.31512017476245","positive"
"9.47547003995745","0.445453222112551","21.2715265477714","positive"
"1.03127774142571","0.445453222112551","2.31512017476245","positive"
"1.03127774142571","0.445453222112551","2.31512017476245","positive"
"1.03127774142571","0.445453222112551","2.31512017476245","positive"
"1.03127774142571","8.78232285939751","0.117426534862834","negative"
"1.03127774142571","0.445453222112551","2.31512017476245","positive"
"1.03127774142571","0.445453222112551","2.31512017476245","positive"
"1.03127774142571","0.445453222112551","2.31512017476245","positive"
"25.670707456461","17.8123396772424","1.44117549528087","neutral"
"1.03127774142571","0.445453222112551","2.31512017476245","positive"
"1.03127774142571","0.445453222112551","2.31512017476245","positive"
"9.47547003995745","0.445453222112551","21.2715265477714","positive"
"8.78232285939751","0.445453222112551","19.7154772340574","positive"
"1.03127774142571","9.47547003995745","0.108836578774127","negative"
"1.03127774142571","0.445453222112551","2.31512017476245","positive"
"1.03127774142571","0.445453222112551","2.31512017476245","positive"
"1.03127774142571","0.445453222112551","2.31512017476245","positive"
"1.03127774142571","9.47547003995745","0.108836578774127","negative"
"1.03127774142571","0.445453222112551","2.31512017476245","positive"
"1.03127774142571","0.445453222112551","2.31512017476245","positive"
"1.03127774142571","9.47547003995745","0.108836578774127","negative"
"8.78232285939751","9.47547003995745","0.926848253686942","negative"
"1.03127774142571","0.445453222112551","2.31512017476245","positive"
"1.03127774142571","0.445453222112551","2.31512017476245","positive"
"9.47547003995745","0.445453222112551","21.2715265477714","positive"
"1.03127774142571","0.445453222112551","2.31512017476245","positive"
"1.03127774142571","0.445453222112551","2.31512017476245","positive"
"1.03127774142571","0.445453222112551","2.31512017476245","positive"
"1.03127774142571","0.445453222112551","2.31512017476245","positive"
"9.47547003995745","0.445453222112551","21.2715265477714","positive"
"1.03127774142571","0.445453222112551","2.31512017476245","positive"
"1.03127774142571","0.445453222112551","2.31512017476245","positive"
"1.03127774142571","0.445453222112551","2.31512017476245","positive"
"1.03127774142571","0.445453222112551","2.31512017476245","positive"
"1.03127774142571","0.445453222112551","2.31512017476245","positive"
"1.03127774142571","9.47547003995745","0.108836578774127","negative"
"1.03127774142571","0.445453222112551","2.31512017476245","positive"
"17.2265151579293","9.47547003995745","1.81801167491282","neutral"
"1.03127774142571","0.445453222112551","2.31512017476245","positive"
"1.03127774142571","0.445453222112551","2.31512017476245","positive"
"17.9196623384892","0.445453222112551","40.2279329207804","positive"
"17.2265151579293","8.78232285939751","1.96149873259283","neutral"
"1.03127774142571","0.445453222112551","2.31512017476245","positive"
"9.47547003995745","0.445453222112551","21.2715265477714","positive"
"1.03127774142571","0.445453222112551","2.31512017476245","positive"
"1.03127774142571","0.445453222112551","2.31512017476245","positive"
"1.03127774142571","0.445453222112551","2.31512017476245","positive"
"1.03127774142571","17.1191924966825","0.0602410272345239","negative"
"1.03127774142571","0.445453222112551","2.31512017476245","positive"
"1.03127774142571","9.47547003995745","0.108836578774127","negative"
"1.03127774142571","0.445453222112551","2.31512017476245","positive"
"9.47547003995745","9.47547003995745","1","neutral"
"1.03127774142571","26.8423564950873","0.0384197915564697","negative"
"1.03127774142571","0.445453222112551","2.31512017476245","positive"
"9.47547003995745","8.78232285939751","1.07892526745566","neutral"
"9.47547003995745","0.445453222112551","21.2715265477714","positive"
"1.03127774142571","0.445453222112551","2.31512017476245","positive"
"17.2265151579293","0.445453222112551","38.6718836070664","positive"
"1.03127774142571","9.47547003995745","0.108836578774127","negative"
"1.03127774142571","0.445453222112551","2.31512017476245","positive"
"1.03127774142571","0.445453222112551","2.31512017476245","positive"
"9.47547003995745","9.47547003995745","1","neutral"
"1.03127774142571","0.445453222112551","2.31512017476245","positive"
"1.03127774142571","26.1492093145274","0.0394381997949273","negative"
"1.03127774142571","0.445453222112551","2.31512017476245","positive"
"1.03127774142571","8.78232285939751","0.117426534862834","negative"
"1.03127774142571","0.445453222112551","2.31512017476245","positive"
"9.47547003995745","0.445453222112551","21.2715265477714","positive"
"9.47547003995745","0.445453222112551","21.2715265477714","positive"
"1.03127774142571","0.445453222112551","2.31512017476245","positive"
"1.03127774142571","0.445453222112551","2.31512017476245","positive"
"1.03127774142571","0.445453222112551","2.31512017476245","positive"
"1.03127774142571","9.47547003995745","0.108836578774127","negative"
"1.03127774142571","0.445453222112551","2.31512017476245","positive"
"9.47547003995745","0.445453222112551","21.2715265477714","positive"
"1.03127774142571","0.445453222112551","2.31512017476245","positive"
"9.47547003995745","0.445453222112551","21.2715265477714","positive"
"1.03127774142571","0.445453222112551","2.31512017476245","positive"
"1.03127774142571","9.47547003995745","0.108836578774127","negative"
"9.47547003995745","0.445453222112551","21.2715265477714","positive"
"1.03127774142571","17.8123396772424","0.0578968153601572","negative"
"9.47547003995745","0.445453222112551","21.2715265477714","positive"
"9.47547003995745","9.47547003995745","1","neutral"
"1.03127774142571","0.445453222112551","2.31512017476245","positive"
"8.78232285939751","17.1191924966825","0.513010345616444","negative"
"1.03127774142571","0.445453222112551","2.31512017476245","positive"
"1.03127774142571","9.47547003995745","0.108836578774127","negative"
"1.03127774142571","9.47547003995745","0.108836578774127","negative"
"1.03127774142571","9.47547003995745","0.108836578774127","negative"
"1.03127774142571","0.445453222112551","2.31512017476245","positive"
"1.03127774142571","0.445453222112551","2.31512017476245","positive"
"1.03127774142571","0.445453222112551","2.31512017476245","positive"
"1.03127774142571","0.445453222112551","2.31512017476245","positive"
"1.03127774142571","0.445453222112551","2.31512017476245","positive"
"1.03127774142571","0.445453222112551","2.31512017476245","positive"
"1.03127774142571","0.445453222112551","2.31512017476245","positive"
"1.03127774142571","0.445453222112551","2.31512017476245","positive"
"1.03127774142571","9.47547003995745","0.108836578774127","negative"
"1.03127774142571","0.445453222112551","2.31512017476245","positive"
"1.03127774142571","0.445453222112551","2.31512017476245","positive"
"1.03127774142571","0.445453222112551","2.31512017476245","positive"
"1.03127774142571","0.445453222112551","2.31512017476245","positive"
"1.03127774142571","0.445453222112551","2.31512017476245","positive"
"1.03127774142571","0.445453222112551","2.31512017476245","positive"
"1.03127774142571","0.445453222112551","2.31512017476245","positive"
"1.03127774142571","0.445453222112551","2.31512017476245","positive"
"9.47547003995745","0.445453222112551","21.2715265477714","positive"
"1.03127774142571","0.445453222112551","2.31512017476245","positive"
"9.47547003995745","0.445453222112551","21.2715265477714","positive"
"1.03127774142571","0.445453222112551","2.31512017476245","positive"
"1.03127774142571","0.445453222112551","2.31512017476245","positive"
"1.03127774142571","8.78232285939751","0.117426534862834","negative"
"1.03127774142571","9.47547003995745","0.108836578774127","negative"
"1.03127774142571","0.445453222112551","2.31512017476245","positive"
"1.03127774142571","8.78232285939751","0.117426534862834","negative"
"1.03127774142571","0.445453222112551","2.31512017476245","positive"
"1.03127774142571","0.445453222112551","2.31512017476245","positive"
"1.03127774142571","0.445453222112551","2.31512017476245","positive"
"8.78232285939751","17.1191924966825","0.513010345616444","negative"
"1.03127774142571","0.445453222112551","2.31512017476245","positive"
"1.03127774142571","0.445453222112551","2.31512017476245","positive"
"1.03127774142571","0.445453222112551","2.31512017476245","positive"
"1.03127774142571","0.445453222112551","2.31512017476245","positive"
"8.78232285939751","0.445453222112551","19.7154772340574","positive"
"1.03127774142571","9.47547003995745","0.108836578774127","negative"
"1.03127774142571","8.78232285939751","0.117426534862834","negative"
"9.47547003995745","0.445453222112551","21.2715265477714","positive"
"1.03127774142571","0.445453222112551","2.31512017476245","positive"
"1.03127774142571","0.445453222112551","2.31512017476245","positive"
"33.4217525744328","0.445453222112551","75.0286470393703","positive"
"1.03127774142571","0.445453222112551","2.31512017476245","positive"
"1.03127774142571","26.8423564950873","0.0384197915564697","negative"
"1.03127774142571","27.5355036756473","0.0374526557993482","negative"
"1.03127774142571","8.78232285939751","0.117426534862834","negative"
"1.03127774142571","9.47547003995745","0.108836578774127","negative"
"26.3638546370209","0.445453222112551","59.1843392937894","positive"
"8.78232285939751","0.445453222112551","19.7154772340574","positive"
"1.03127774142571","26.1492093145274","0.0394381997949273","negative"
"1.03127774142571","0.445453222112551","2.31512017476245","positive"
"9.47547003995745","0.445453222112551","21.2715265477714","positive"
"1.03127774142571","0.445453222112551","2.31512017476245","positive"
"1.03127774142571","9.47547003995745","0.108836578774127","negative"
"8.78232285939751","9.47547003995745","0.926848253686942","negative"
"9.47547003995745","0.445453222112551","21.2715265477714","positive"
"1.03127774142571","0.445453222112551","2.31512017476245","positive"
"1.03127774142571","26.1492093145274","0.0394381997949273","negative"
"1.03127774142571","9.47547003995745","0.108836578774127","negative"
"1.03127774142571","0.445453222112551","2.31512017476245","positive"
"9.47547003995745","0.445453222112551","21.2715265477714","positive"
"1.03127774142571","0.445453222112551","2.31512017476245","positive"
"1.03127774142571","0.445453222112551","2.31512017476245","positive"
"1.03127774142571","0.445453222112551","2.31512017476245","positive"
"9.47547003995745","0.445453222112551","21.2715265477714","positive"
"1.03127774142571","0.445453222112551","2.31512017476245","positive"
"17.9196623384892","0.445453222112551","40.2279329207804","positive"
"1.03127774142571","0.445453222112551","2.31512017476245","positive"
"9.47547003995745","0.445453222112551","21.2715265477714","positive"
"1.03127774142571","0.445453222112551","2.31512017476245","positive"
"1.03127774142571","0.445453222112551","2.31512017476245","positive"
"1.03127774142571","0.445453222112551","2.31512017476245","positive"
"1.03127774142571","0.445453222112551","2.31512017476245","positive"
"9.47547003995745","0.445453222112551","21.2715265477714","positive"
"1.03127774142571","0.445453222112551","2.31512017476245","positive"
"1.03127774142571","0.445453222112551","2.31512017476245","positive"
"1.03127774142571","0.445453222112551","2.31512017476245","positive"
"1.03127774142571","0.445453222112551","2.31512017476245","positive"
"1.03127774142571","0.445453222112551","2.31512017476245","positive"
"1.03127774142571","0.445453222112551","2.31512017476245","positive"
"1.03127774142571","8.78232285939751","0.117426534862834","negative"
"1.03127774142571","0.445453222112551","2.31512017476245","positive"
"1.03127774142571","8.78232285939751","0.117426534862834","negative"
"8.78232285939751","8.78232285939751","1","neutral"
"1.03127774142571","8.78232285939751","0.117426534862834","negative"
"1.03127774142571","0.445453222112551","2.31512017476245","positive"
"1.03127774142571","9.47547003995745","0.108836578774127","negative"
"1.03127774142571","0.445453222112551","2.31512017476245","positive"
"1.03127774142571","0.445453222112551","2.31512017476245","positive"
"1.03127774142571","9.47547003995745","0.108836578774127","negative"
"1.03127774142571","0.445453222112551","2.31512017476245","positive"
"1.03127774142571","0.445453222112551","2.31512017476245","positive"
"1.03127774142571","0.445453222112551","2.31512017476245","positive"
"8.78232285939751","0.445453222112551","19.7154772340574","positive"
"8.78232285939751","0.445453222112551","19.7154772340574","positive"
"1.03127774142571","0.445453222112551","2.31512017476245","positive"
"1.03127774142571","0.445453222112551","2.31512017476245","positive"
"1.03127774142571","0.445453222112551","2.31512017476245","positive"
"1.03127774142571","8.78232285939751","0.117426534862834","negative"
"9.47547003995745","8.78232285939751","1.07892526745566","neutral"
"1.03127774142571","0.445453222112551","2.31512017476245","positive"
"1.03127774142571","0.445453222112551","2.31512017476245","positive"
"9.47547003995745","9.47547003995745","1","neutral"
"1.03127774142571","0.445453222112551","2.31512017476245","positive"
"1.03127774142571","0.445453222112551","2.31512017476245","positive"
"1.03127774142571","0.445453222112551","2.31512017476245","positive"
"1.03127774142571","0.445453222112551","2.31512017476245","positive"
"8.78232285939751","0.445453222112551","19.7154772340574","positive"
"8.78232285939751","0.445453222112551","19.7154772340574","positive"
"1.03127774142571","0.445453222112551","2.31512017476245","positive"
"1.03127774142571","8.78232285939751","0.117426534862834","negative"
"1.03127774142571","0.445453222112551","2.31512017476245","positive"
"1.03127774142571","17.1191924966825","0.0602410272345239","negative"
"1.03127774142571","9.47547003995745","0.108836578774127","negative"
"9.47547003995745","0.445453222112551","21.2715265477714","positive"
"1.03127774142571","9.47547003995745","0.108836578774127","negative"
"9.47547003995745","9.47547003995745","1","neutral"
"32.7286053938729","0.445453222112551","73.4725977256563","positive"
"1.03127774142571","0.445453222112551","2.31512017476245","positive"
"1.03127774142571","0.445453222112551","2.31512017476245","positive"
"1.03127774142571","0.445453222112551","2.31512017476245","positive"
"1.03127774142571","0.445453222112551","2.31512017476245","positive"
"1.03127774142571","0.445453222112551","2.31512017476245","positive"
"1.03127774142571","0.445453222112551","2.31512017476245","positive"
"1.03127774142571","0.445453222112551","2.31512017476245","positive"
"24.9775602759011","9.47547003995745","2.63602334982563","positive"
"1.03127774142571","0.445453222112551","2.31512017476245","positive"
"1.03127774142571","0.445453222112551","2.31512017476245","positive"
"1.03127774142571","0.445453222112551","2.31512017476245","positive"
"1.03127774142571","0.445453222112551","2.31512017476245","positive"
"8.78232285939751","9.47547003995745","0.926848253686942","negative"
"16.5333679773693","9.47547003995745","1.74485992859976","neutral"
"1.03127774142571","0.445453222112551","2.31512017476245","positive"
"1.03127774142571","0.445453222112551","2.31512017476245","positive"
"1.03127774142571","8.78232285939751","0.117426534862834","negative"
"1.03127774142571","0.445453222112551","2.31512017476245","positive"
"8.78232285939751","0.445453222112551","19.7154772340574","positive"
"1.03127774142571","0.445453222112551","2.31512017476245","positive"
"1.03127774142571","9.47547003995745","0.108836578774127","negative"
"1.03127774142571","0.445453222112551","2.31512017476245","positive"
"1.03127774142571","0.445453222112551","2.31512017476245","positive"
"1.03127774142571","0.445453222112551","2.31512017476245","positive"
"1.03127774142571","0.445453222112551","2.31512017476245","positive"
"17.2265151579293","0.445453222112551","38.6718836070664","positive"
"1.03127774142571","8.78232285939751","0.117426534862834","negative"
"9.47547003995745","0.445453222112551","21.2715265477714","positive"
"1.03127774142571","0.445453222112551","2.31512017476245","positive"
"1.03127774142571","0.445453222112551","2.31512017476245","positive"
"1.03127774142571","0.445453222112551","2.31512017476245","positive"
"1.03127774142571","0.445453222112551","2.31512017476245","positive"
"1.03127774142571","9.47547003995745","0.108836578774127","negative"
"8.78232285939751","0.445453222112551","19.7154772340574","positive"
"1.03127774142571","8.78232285939751","0.117426534862834","negative"
"9.47547003995745","0.445453222112551","21.2715265477714","positive"
"1.03127774142571","0.445453222112551","2.31512017476245","positive"
"1.03127774142571","0.445453222112551","2.31512017476245","positive"
"1.03127774142571","9.47547003995745","0.108836578774127","negative"
"1.03127774142571","0.445453222112551","2.31512017476245","positive"
"9.47547003995745","0.445453222112551","21.2715265477714","positive"
"1.03127774142571","0.445453222112551","2.31512017476245","positive"
"1.03127774142571","0.445453222112551","2.31512017476245","positive"
"9.47547003995745","0.445453222112551","21.2715265477714","positive"
"1.03127774142571","8.78232285939751","0.117426534862834","negative"
"1.03127774142571","0.445453222112551","2.31512017476245","positive"
"8.78232285939751","0.445453222112551","19.7154772340574","positive"
"9.47547003995745","0.445453222112551","21.2715265477714","positive"
"9.47547003995745","0.445453222112551","21.2715265477714","positive"
"1.03127774142571","9.47547003995745","0.108836578774127","negative"
"1.03127774142571","18.5054868578024","0.0557282145209216","negative"
"1.03127774142571","9.47547003995745","0.108836578774127","negative"
"1.03127774142571","0.445453222112551","2.31512017476245","positive"
"9.47547003995745","0.445453222112551","21.2715265477714","positive"
"9.47547003995745","9.47547003995745","1","neutral"
"1.03127774142571","0.445453222112551","2.31512017476245","positive"
"1.03127774142571","0.445453222112551","2.31512017476245","positive"
"1.03127774142571","0.445453222112551","2.31512017476245","positive"
"1.03127774142571","0.445453222112551","2.31512017476245","positive"
"16.5333679773693","0.445453222112551","37.1158342933523","positive"
"24.9775602759011","0.445453222112551","56.0722406663613","positive"
"1.03127774142571","0.445453222112551","2.31512017476245","positive"
"1.03127774142571","0.445453222112551","2.31512017476245","positive"
"17.9196623384892","8.78232285939751","2.0404240000485","positive"
"9.47547003995745","0.445453222112551","21.2715265477714","positive"
"1.03127774142571","0.445453222112551","2.31512017476245","positive"
"1.03127774142571","0.445453222112551","2.31512017476245","positive"
"1.03127774142571","0.445453222112551","2.31512017476245","positive"
"1.03127774142571","0.445453222112551","2.31512017476245","positive"
"1.03127774142571","0.445453222112551","2.31512017476245","positive"
"1.03127774142571","0.445453222112551","2.31512017476245","positive"
"1.03127774142571","0.445453222112551","2.31512017476245","positive"
"1.03127774142571","9.47547003995745","0.108836578774127","negative"
"34.1148997549927","9.47547003995745","3.60033851736456","positive"
"1.03127774142571","9.47547003995745","0.108836578774127","negative"
"9.47547003995745","0.445453222112551","21.2715265477714","positive"
"1.03127774142571","0.445453222112551","2.31512017476245","positive"
"1.03127774142571","0.445453222112551","2.31512017476245","positive"
"1.03127774142571","0.445453222112551","2.31512017476245","positive"
"8.78232285939751","0.445453222112551","19.7154772340574","positive"
"1.03127774142571","0.445453222112551","2.31512017476245","positive"
"1.03127774142571","0.445453222112551","2.31512017476245","positive"
"1.03127774142571","0.445453222112551","2.31512017476245","positive"
"1.03127774142571","0.445453222112551","2.31512017476245","positive"
"1.03127774142571","17.8123396772424","0.0578968153601572","negative"
"1.03127774142571","0.445453222112551","2.31512017476245","positive"
"1.03127774142571","0.445453222112551","2.31512017476245","positive"
"1.03127774142571","17.8123396772424","0.0578968153601572","negative"
"1.03127774142571","0.445453222112551","2.31512017476245","positive"
"1.03127774142571","9.47547003995745","0.108836578774127","negative"
"1.03127774142571","0.445453222112551","2.31512017476245","positive"
"9.47547003995745","8.78232285939751","1.07892526745566","neutral"
"8.78232285939751","0.445453222112551","19.7154772340574","positive"
"1.03127774142571","9.47547003995745","0.108836578774127","negative"
"1.03127774142571","9.47547003995745","0.108836578774127","negative"
"1.03127774142571","0.445453222112551","2.31512017476245","positive"
"1.03127774142571","0.445453222112551","2.31512017476245","positive"
"17.2265151579293","0.445453222112551","38.6718836070664","positive"
"9.47547003995745","0.445453222112551","21.2715265477714","positive"
"1.03127774142571","0.445453222112551","2.31512017476245","positive"
"1.03127774142571","9.47547003995745","0.108836578774127","negative"
"1.03127774142571","9.47547003995745","0.108836578774127","negative"
"1.03127774142571","0.445453222112551","2.31512017476245","positive"
"8.78232285939751","0.445453222112551","19.7154772340574","positive"
"1.03127774142571","17.8123396772424","0.0578968153601572","negative"
"1.03127774142571","8.78232285939751","0.117426534862834","negative"
"8.78232285939751","17.1191924966825","0.513010345616444","negative"
"17.9196623384892","0.445453222112551","40.2279329207804","positive"
"1.03127774142571","0.445453222112551","2.31512017476245","positive"
"1.03127774142571","8.78232285939751","0.117426534862834","negative"
"9.47547003995745","0.445453222112551","21.2715265477714","positive"
"1.03127774142571","0.445453222112551","2.31512017476245","positive"
"1.03127774142571","8.78232285939751","0.117426534862834","negative"
"1.03127774142571","0.445453222112551","2.31512017476245","positive"
"1.03127774142571","0.445453222112551","2.31512017476245","positive"
"8.78232285939751","0.445453222112551","19.7154772340574","positive"
"1.03127774142571","8.78232285939751","0.117426534862834","negative"
"1.03127774142571","0.445453222112551","2.31512017476245","positive"
"1.03127774142571","0.445453222112551","2.31512017476245","positive"
"1.03127774142571","0.445453222112551","2.31512017476245","positive"
"9.47547003995745","9.47547003995745","1","neutral"
"9.47547003995745","0.445453222112551","21.2715265477714","positive"
"1.03127774142571","8.78232285939751","0.117426534862834","negative"
"1.03127774142571","0.445453222112551","2.31512017476245","positive"
"1.03127774142571","0.445453222112551","2.31512017476245","positive"
"8.78232285939751","9.47547003995745","0.926848253686942","negative"
"1.03127774142571","0.445453222112551","2.31512017476245","positive"
"1.03127774142571","0.445453222112551","2.31512017476245","positive"
"1.03127774142571","0.445453222112551","2.31512017476245","positive"
"9.47547003995745","17.8123396772424","0.531961000724885","negative"
"9.47547003995745","17.8123396772424","0.531961000724885","negative"
"1.03127774142571","9.47547003995745","0.108836578774127","negative"
"1.03127774142571","18.5054868578024","0.0557282145209216","negative"
"1.03127774142571","0.445453222112551","2.31512017476245","positive"
"1.03127774142571","0.445453222112551","2.31512017476245","positive"
"17.2265151579293","0.445453222112551","38.6718836070664","positive"
"1.03127774142571","0.445453222112551","2.31512017476245","positive"
"9.47547003995745","0.445453222112551","21.2715265477714","positive"
"1.03127774142571","0.445453222112551","2.31512017476245","positive"
"9.47547003995745","8.78232285939751","1.07892526745566","neutral"
"1.03127774142571","0.445453222112551","2.31512017476245","positive"
"17.2265151579293","8.78232285939751","1.96149873259283","neutral"
"9.47547003995745","0.445453222112551","21.2715265477714","positive"
"1.03127774142571","0.445453222112551","2.31512017476245","positive"
"1.03127774142571","0.445453222112551","2.31512017476245","positive"
"1.03127774142571","0.445453222112551","2.31512017476245","positive"
"1.03127774142571","0.445453222112551","2.31512017476245","positive"
"8.78232285939751","8.78232285939751","1","neutral"
"1.03127774142571","0.445453222112551","2.31512017476245","positive"
"9.47547003995745","0.445453222112551","21.2715265477714","positive"
"9.47547003995745","18.5054868578024","0.512035706640291","negative"
"1.03127774142571","9.47547003995745","0.108836578774127","negative"
"1.03127774142571","0.445453222112551","2.31512017476245","positive"
"34.8080469355527","8.78232285939751","3.96342146523416","positive"
"1.03127774142571","9.47547003995745","0.108836578774127","negative"
"1.03127774142571","8.78232285939751","0.117426534862834","negative"
"8.78232285939751","0.445453222112551","19.7154772340574","positive"
"1.03127774142571","0.445453222112551","2.31512017476245","positive"
"17.9196623384892","0.445453222112551","40.2279329207804","positive"
"1.03127774142571","0.445453222112551","2.31512017476245","positive"
"9.47547003995745","0.445453222112551","21.2715265477714","positive"
"8.78232285939751","0.445453222112551","19.7154772340574","positive"
"1.03127774142571","0.445453222112551","2.31512017476245","positive"
"8.78232285939751","0.445453222112551","19.7154772340574","positive"
"1.03127774142571","0.445453222112551","2.31512017476245","positive"
"17.2265151579293","0.445453222112551","38.6718836070664","positive"
"1.03127774142571","0.445453222112551","2.31512017476245","positive"
"8.78232285939751","0.445453222112551","19.7154772340574","positive"
"9.47547003995745","0.445453222112551","21.2715265477714","positive"
"9.47547003995745","9.47547003995745","1","neutral"
"1.03127774142571","0.445453222112551","2.31512017476245","positive"
"1.03127774142571","0.445453222112551","2.31512017476245","positive"
"1.03127774142571","0.445453222112551","2.31512017476245","positive"
"1.03127774142571","0.445453222112551","2.31512017476245","positive"
"1.03127774142571","9.47547003995745","0.108836578774127","negative"
"1.03127774142571","0.445453222112551","2.31512017476245","positive"
"1.03127774142571","0.445453222112551","2.31512017476245","positive"
"1.03127774142571","0.445453222112551","2.31512017476245","positive"
"1.03127774142571","9.47547003995745","0.108836578774127","negative"
"9.47547003995745","17.1191924966825","0.553499824351745","negative"
"9.47547003995745","9.47547003995745","1","neutral"
"1.03127774142571","0.445453222112551","2.31512017476245","positive"
"26.3638546370209","0.445453222112551","59.1843392937894","positive"
"1.03127774142571","0.445453222112551","2.31512017476245","positive"
"1.03127774142571","9.47547003995745","0.108836578774127","negative"
"1.03127774142571","0.445453222112551","2.31512017476245","positive"
"1.03127774142571","0.445453222112551","2.31512017476245","positive"
"1.03127774142571","0.445453222112551","2.31512017476245","positive"
"1.03127774142571","0.445453222112551","2.31512017476245","positive"
"8.78232285939751","17.1191924966825","0.513010345616444","negative"
"1.03127774142571","0.445453222112551","2.31512017476245","positive"
"1.03127774142571","0.445453222112551","2.31512017476245","positive"
"9.47547003995745","9.47547003995745","1","neutral"
"1.03127774142571","17.8123396772424","0.0578968153601572","negative"
"1.03127774142571","0.445453222112551","2.31512017476245","positive"
"1.03127774142571","0.445453222112551","2.31512017476245","positive"
"1.03127774142571","8.78232285939751","0.117426534862834","negative"
"1.03127774142571","0.445453222112551","2.31512017476245","positive"
"1.03127774142571","0.445453222112551","2.31512017476245","positive"
"1.03127774142571","0.445453222112551","2.31512017476245","positive"
"8.78232285939751","0.445453222112551","19.7154772340574","positive"
"8.78232285939751","0.445453222112551","19.7154772340574","positive"
"9.47547003995745","0.445453222112551","21.2715265477714","positive"
"1.03127774142571","0.445453222112551","2.31512017476245","positive"
"1.03127774142571","0.445453222112551","2.31512017476245","positive"
"9.47547003995745","0.445453222112551","21.2715265477714","positive"
"9.47547003995745","8.78232285939751","1.07892526745566","neutral"
"1.03127774142571","9.47547003995745","0.108836578774127","negative"
"1.03127774142571","0.445453222112551","2.31512017476245","positive"
"1.03127774142571","0.445453222112551","2.31512017476245","positive"
"9.47547003995745","0.445453222112551","21.2715265477714","positive"
"1.03127774142571","0.445453222112551","2.31512017476245","positive"
"8.78232285939751","9.47547003995745","0.926848253686942","negative"
"1.03127774142571","0.445453222112551","2.31512017476245","positive"
"1.03127774142571","0.445453222112551","2.31512017476245","positive"
"1.03127774142571","9.47547003995745","0.108836578774127","negative"
"26.3638546370209","8.78232285939751","3.00192273264133","positive"
"9.47547003995745","0.445453222112551","21.2715265477714","positive"
"1.03127774142571","27.5355036756473","0.0374526557993482","negative"
"9.47547003995745","0.445453222112551","21.2715265477714","positive"
"1.03127774142571","0.445453222112551","2.31512017476245","positive"
"1.03127774142571","0.445453222112551","2.31512017476245","positive"
"1.03127774142571","0.445453222112551","2.31512017476245","positive"
"9.47547003995745","9.47547003995745","1","neutral"
"1.03127774142571","0.445453222112551","2.31512017476245","positive"
"9.47547003995745","9.47547003995745","1","neutral"
"1.03127774142571","0.445453222112551","2.31512017476245","positive"
"1.03127774142571","0.445453222112551","2.31512017476245","positive"
"1.03127774142571","8.78232285939751","0.117426534862834","negative"
"1.03127774142571","0.445453222112551","2.31512017476245","positive"
"1.03127774142571","0.445453222112551","2.31512017476245","positive"
"9.47547003995745","17.8123396772424","0.531961000724885","negative"
"1.03127774142571","0.445453222112551","2.31512017476245","positive"
"1.03127774142571","0.445453222112551","2.31512017476245","positive"
"1.03127774142571","0.445453222112551","2.31512017476245","positive"
"1.03127774142571","0.445453222112551","2.31512017476245","positive"
"1.03127774142571","9.47547003995745","0.108836578774127","negative"
"8.78232285939751","9.47547003995745","0.926848253686942","negative"
"1.03127774142571","8.78232285939751","0.117426534862834","negative"
"9.47547003995745","0.445453222112551","21.2715265477714","positive"
"17.2265151579293","0.445453222112551","38.6718836070664","positive"
"1.03127774142571","8.78232285939751","0.117426534862834","negative"
"1.03127774142571","0.445453222112551","2.31512017476245","positive"
"1.03127774142571","0.445453222112551","2.31512017476245","positive"
"8.78232285939751","18.5054868578024","0.474579400524914","negative"
"9.47547003995745","0.445453222112551","21.2715265477714","positive"
"9.47547003995745","9.47547003995745","1","neutral"
"1.03127774142571","0.445453222112551","2.31512017476245","positive"
"1.03127774142571","0.445453222112551","2.31512017476245","positive"
"1.03127774142571","0.445453222112551","2.31512017476245","positive"
"9.47547003995745","0.445453222112551","21.2715265477714","positive"
"1.03127774142571","0.445453222112551","2.31512017476245","positive"
"8.78232285939751","17.8123396772424","0.493047124551418","negative"
"1.03127774142571","0.445453222112551","2.31512017476245","positive"
"1.03127774142571","0.445453222112551","2.31512017476245","positive"
"1.03127774142571","0.445453222112551","2.31512017476245","positive"
"8.78232285939751","0.445453222112551","19.7154772340574","positive"
"1.03127774142571","0.445453222112551","2.31512017476245","positive"
"9.47547003995745","8.78232285939751","1.07892526745566","neutral"
"1.03127774142571","0.445453222112551","2.31512017476245","positive"
"1.03127774142571","0.445453222112551","2.31512017476245","positive"
"1.03127774142571","0.445453222112551","2.31512017476245","positive"
"9.47547003995745","9.47547003995745","1","neutral"
"1.03127774142571","0.445453222112551","2.31512017476245","positive"
"1.03127774142571","0.445453222112551","2.31512017476245","positive"
"1.03127774142571","8.78232285939751","0.117426534862834","negative"
"1.03127774142571","0.445453222112551","2.31512017476245","positive"
"1.03127774142571","0.445453222112551","2.31512017476245","positive"
"9.47547003995745","0.445453222112551","21.2715265477714","positive"
"1.03127774142571","0.445453222112551","2.31512017476245","positive"
"1.03127774142571","0.445453222112551","2.31512017476245","positive"
"1.03127774142571","0.445453222112551","2.31512017476245","positive"
"9.47547003995745","0.445453222112551","21.2715265477714","positive"
"9.47547003995745","9.47547003995745","1","neutral"
"1.03127774142571","0.445453222112551","2.31512017476245","positive"
"9.47547003995745","0.445453222112551","21.2715265477714","positive"
"9.47547003995745","0.445453222112551","21.2715265477714","positive"
"1.03127774142571","0.445453222112551","2.31512017476245","positive"
"8.78232285939751","0.445453222112551","19.7154772340574","positive"
"1.03127774142571","0.445453222112551","2.31512017476245","positive"
"1.03127774142571","0.445453222112551","2.31512017476245","positive"
"9.47547003995745","0.445453222112551","21.2715265477714","positive"
"1.03127774142571","0.445453222112551","2.31512017476245","positive"
"1.03127774142571","0.445453222112551","2.31512017476245","positive"
"9.47547003995745","0.445453222112551","21.2715265477714","positive"
"1.03127774142571","0.445453222112551","2.31512017476245","positive"
"1.03127774142571","8.78232285939751","0.117426534862834","negative"
"17.2265151579293","0.445453222112551","38.6718836070664","positive"
"1.03127774142571","0.445453222112551","2.31512017476245","positive"
"1.03127774142571","0.445453222112551","2.31512017476245","positive"
"1.03127774142571","0.445453222112551","2.31512017476245","positive"
"1.03127774142571","8.78232285939751","0.117426534862834","negative"
"1.03127774142571","0.445453222112551","2.31512017476245","positive"
"9.47547003995745","0.445453222112551","21.2715265477714","positive"
"1.03127774142571","0.445453222112551","2.31512017476245","positive"
"1.03127774142571","0.445453222112551","2.31512017476245","positive"
"1.03127774142571","0.445453222112551","2.31512017476245","positive"
"9.47547003995745","0.445453222112551","21.2715265477714","positive"
"1.03127774142571","9.47547003995745","0.108836578774127","negative"
"1.03127774142571","8.78232285939751","0.117426534862834","negative"
"26.3638546370209","9.47547003995745","2.78232684245175","positive"
"9.47547003995745","8.78232285939751","1.07892526745566","neutral"
"1.03127774142571","0.445453222112551","2.31512017476245","positive"
"1.03127774142571","17.8123396772424","0.0578968153601572","negative"
"1.03127774142571","8.78232285939751","0.117426534862834","negative"
"17.9196623384892","0.445453222112551","40.2279329207804","positive"
"1.03127774142571","9.47547003995745","0.108836578774127","negative"
"8.78232285939751","0.445453222112551","19.7154772340574","positive"
"1.03127774142571","0.445453222112551","2.31512017476245","positive"
"1.03127774142571","0.445453222112551","2.31512017476245","positive"
"1.03127774142571","0.445453222112551","2.31512017476245","positive"
"1.03127774142571","0.445453222112551","2.31512017476245","positive"
"1.03127774142571","0.445453222112551","2.31512017476245","positive"
"1.03127774142571","0.445453222112551","2.31512017476245","positive"
"9.47547003995745","0.445453222112551","21.2715265477714","positive"
"1.03127774142571","0.445453222112551","2.31512017476245","positive"
"1.03127774142571","0.445453222112551","2.31512017476245","positive"
"1.03127774142571","0.445453222112551","2.31512017476245","positive"
"9.47547003995745","0.445453222112551","21.2715265477714","positive"
"9.47547003995745","0.445453222112551","21.2715265477714","positive"
"1.03127774142571","0.445453222112551","2.31512017476245","positive"
"1.03127774142571","9.47547003995745","0.108836578774127","negative"
"1.03127774142571","0.445453222112551","2.31512017476245","positive"
"1.03127774142571","0.445453222112551","2.31512017476245","positive"
"33.4217525744328","18.5054868578024","1.80604557076764","neutral"
"1.03127774142571","0.445453222112551","2.31512017476245","positive"
"1.03127774142571","0.445453222112551","2.31512017476245","positive"
"17.9196623384892","0.445453222112551","40.2279329207804","positive"
"1.03127774142571","0.445453222112551","2.31512017476245","positive"
"1.03127774142571","0.445453222112551","2.31512017476245","positive"
"1.03127774142571","0.445453222112551","2.31512017476245","positive"
"9.47547003995745","0.445453222112551","21.2715265477714","positive"
"1.03127774142571","17.1191924966825","0.0602410272345239","negative"
"1.03127774142571","0.445453222112551","2.31512017476245","positive"
"9.47547003995745","0.445453222112551","21.2715265477714","positive"
"1.03127774142571","0.445453222112551","2.31512017476245","positive"
"1.03127774142571","17.8123396772424","0.0578968153601572","negative"
"1.03127774142571","9.47547003995745","0.108836578774127","negative"
"8.78232285939751","0.445453222112551","19.7154772340574","positive"
"1.03127774142571","0.445453222112551","2.31512017476245","positive"
"1.03127774142571","8.78232285939751","0.117426534862834","negative"
"1.03127774142571","8.78232285939751","0.117426534862834","negative"
"17.2265151579293","0.445453222112551","38.6718836070664","positive"
"9.47547003995745","0.445453222112551","21.2715265477714","positive"
"1.03127774142571","0.445453222112551","2.31512017476245","positive"
"1.03127774142571","0.445453222112551","2.31512017476245","positive"
"1.03127774142571","9.47547003995745","0.108836578774127","negative"
"1.03127774142571","8.78232285939751","0.117426534862834","negative"
"1.03127774142571","0.445453222112551","2.31512017476245","positive"
"1.03127774142571","0.445453222112551","2.31512017476245","positive"
"1.03127774142571","0.445453222112551","2.31512017476245","positive"
"1.03127774142571","0.445453222112551","2.31512017476245","positive"
"9.47547003995745","9.47547003995745","1","neutral"
"9.47547003995745","0.445453222112551","21.2715265477714","positive"
"9.47547003995745","0.445453222112551","21.2715265477714","positive"
"8.78232285939751","0.445453222112551","19.7154772340574","positive"
"1.03127774142571","0.445453222112551","2.31512017476245","positive"
"9.47547003995745","18.5054868578024","0.512035706640291","negative"
"1.03127774142571","18.5054868578024","0.0557282145209216","negative"
"1.03127774142571","0.445453222112551","2.31512017476245","positive"
"1.03127774142571","9.47547003995745","0.108836578774127","negative"
"1.03127774142571","0.445453222112551","2.31512017476245","positive"
"1.03127774142571","0.445453222112551","2.31512017476245","positive"
"1.03127774142571","0.445453222112551","2.31512017476245","positive"
"8.78232285939751","0.445453222112551","19.7154772340574","positive"
"9.47547003995745","8.78232285939751","1.07892526745566","neutral"
"16.5333679773693","8.78232285939751","1.88257346513717","neutral"
"1.03127774142571","8.78232285939751","0.117426534862834","negative"
"1.03127774142571","0.445453222112551","2.31512017476245","positive"
"1.03127774142571","9.47547003995745","0.108836578774127","negative"
"1.03127774142571","0.445453222112551","2.31512017476245","positive"
"1.03127774142571","0.445453222112551","2.31512017476245","positive"
"1.03127774142571","0.445453222112551","2.31512017476245","positive"
"26.3638546370209","0.445453222112551","59.1843392937894","positive"
"17.9196623384892","0.445453222112551","40.2279329207804","positive"
"9.47547003995745","0.445453222112551","21.2715265477714","positive"
"1.03127774142571","0.445453222112551","2.31512017476245","positive"
"1.03127774142571","0.445453222112551","2.31512017476245","positive"
"9.47547003995745","0.445453222112551","21.2715265477714","positive"
"1.03127774142571","0.445453222112551","2.31512017476245","positive"
"1.03127774142571","0.445453222112551","2.31512017476245","positive"
"1.03127774142571","0.445453222112551","2.31512017476245","positive"
"8.78232285939751","0.445453222112551","19.7154772340574","positive"
"9.47547003995745","0.445453222112551","21.2715265477714","positive"
"1.03127774142571","0.445453222112551","2.31512017476245","positive"
"1.03127774142571","0.445453222112551","2.31512017476245","positive"
"1.03127774142571","0.445453222112551","2.31512017476245","positive"
"1.03127774142571","0.445453222112551","2.31512017476245","positive"
"1.03127774142571","17.1191924966825","0.0602410272345239","negative"
"1.03127774142571","8.78232285939751","0.117426534862834","negative"
"1.03127774142571","0.445453222112551","2.31512017476245","positive"
"1.03127774142571","0.445453222112551","2.31512017476245","positive"
"1.03127774142571","0.445453222112551","2.31512017476245","positive"
"8.78232285939751","9.47547003995745","0.926848253686942","negative"
"9.47547003995745","0.445453222112551","21.2715265477714","positive"
"1.03127774142571","9.47547003995745","0.108836578774127","negative"
"1.03127774142571","0.445453222112551","2.31512017476245","positive"
